buque,fecha_hora_vms,lat_vms,lon_vms,rumbo,velocidad_kn
DON FICTICIO (SIMULADO),Mar 21 2025 12:00AM,4320.482S,06503.400W,0,0.1
DON FICTICIO (SIMULADO),Mar 21 2025 12:15AM,4320.486S,06503.405W,0,0.0
DON FICTICIO (SIMULADO),Mar 21 2025 12:30AM,4320.488S,06503.393W,0,0.1
DON FICTICIO (SIMULADO),Mar 21 2025 12:45AM,4320.481S,06503.401W,0,0.0
DON FICTICIO (SIMULADO),Mar 21 2025  1:00AM,4320.483S,06503.397W,0,0.0
DON FICTICIO (SIMULADO),Mar 21 2025  1:15AM,4320.483S,06503.394W,0,0.0
DON FICTICIO (SIMULADO),Mar 21 2025  1:30AM,4320.485S,06503.397W,0,0.1
DON FICTICIO (SIMULADO),Mar 21 2025  1:45AM,4320.478S,06503.403W,0,0.0
DON FICTICIO (SIMULADO),Mar 21 2025  2:00AM,4320.484S,06503.409W,0,0.0
DON FICTICIO (SIMULADO),Mar 21 2025  2:15AM,4320.487S,06503.395W,0,0.0
DON FICTICIO (SIMULADO),Mar 21 2025  2:30AM,4320.483S,06503.402W,0,0.0
DON FICTICIO (SIMULADO),Mar 21 2025  2:45AM,4320.484S,06503.400W,0,0.1
DON FICTICIO (SIMULADO),Mar 21 2025  3:00AM,4320.485S,06503.393W,0,0.0
DON FICTICIO (SIMULADO),Mar 21 2025  3:15AM,4320.483S,06503.392W,0,0.0
DON FICTICIO (SIMULADO),Mar 21 2025  3:30AM,4320.474S,06503.394W,0,0.0
DON FICTICIO (SIMULADO),Mar 21 2025  3:45AM,4320.490S,06503.396W,0,0.1
DON FICTICIO (SIMULADO),Mar 21 2025  4:00AM,4320.487S,06503.394W,0,0.0
DON FICTICIO (SIMULADO),Mar 21 2025  4:15AM,4320.479S,06503.387W,0,0.1
DON FICTICIO (SIMULADO),Mar 21 2025  4:30AM,4320.482S,06503.390W,0,0.0
DON FICTICIO (SIMULADO),Mar 21 2025  4:45AM,4320.488S,06503.392W,0,0.0
DON FICTICIO (SIMULADO),Mar 21 2025  5:00AM,4320.484S,06503.398W,0,0.1
DON FICTICIO (SIMULADO),Mar 21 2025  5:15AM,4320.485S,06503.402W,0,0.0
DON FICTICIO (SIMULADO),Mar 21 2025  5:30AM,4320.486S,06503.396W,0,0.0
DON FICTICIO (SIMULADO),Mar 21 2025  5:45AM,4320.483S,06503.397W,0,0.0
DON FICTICIO (SIMULADO),Mar 21 2025  6:00AM,4320.481S,06503.391W,0,0.0
DON FICTICIO (SIMULADO),Mar 21 2025  6:15AM,4320.484S,06503.392W,0,0.0
DON FICTICIO (SIMULADO),Mar 21 2025  6:30AM,4320.478S,06503.391W,0,0.1
DON FICTICIO (SIMULADO),Mar 21 2025  6:45AM,4320.486S,06503.394W,0,0.0
DON FICTICIO (SIMULADO),Mar 21 2025  7:00AM,4320.487S,06503.397W,0,0.0
DON FICTICIO (SIMULADO),Mar 21 2025  7:15AM,4320.537S,06459.854W,90,10.7
DON FICTICIO (SIMULADO),Mar 21 2025  7:30AM,4320.601S,06456.326W,91,10.4
DON FICTICIO (SIMULADO),Mar 21 2025  7:45AM,4320.647S,06452.788W,90,10.2
DON FICTICIO (SIMULADO),Mar 21 2025  8:00AM,4320.701S,06449.250W,91,10.5
DON FICTICIO (SIMULADO),Mar 21 2025  8:15AM,4320.761S,06445.719W,91,10.5
DON FICTICIO (SIMULADO),Mar 21 2025  8:30AM,4320.794S,06442.185W,90,10.1
DON FICTICIO (SIMULADO),Mar 21 2025  8:45AM,4320.807S,06442.192W,202,0.3
DON FICTICIO (SIMULADO),Mar 21 2025  9:00AM,4321.273S,06443.086W,234,3.0
DON FICTICIO (SIMULADO),Mar 21 2025  9:15AM,4321.747S,06443.977W,234,3.3
DON FICTICIO (SIMULADO),Mar 21 2025  9:30AM,4322.198S,06444.854W,234,2.9
DON FICTICIO (SIMULADO),Mar 21 2025  9:45AM,4322.755S,06445.774W,230,3.6
DON FICTICIO (SIMULADO),Mar 21 2025 10:00AM,4323.679S,06446.849W,220,4.8
DON FICTICIO (SIMULADO),Mar 21 2025 10:15AM,4324.423S,06446.873W,181,3.0
DON FICTICIO (SIMULADO),Mar 21 2025 10:30AM,4325.166S,06446.931W,183,3.0
DON FICTICIO (SIMULADO),Mar 21 2025 10:45AM,4325.947S,06447.131W,190,3.3
DON FICTICIO (SIMULADO),Mar 21 2025 11:00AM,4326.732S,06447.393W,193,3.1
DON FICTICIO (SIMULADO),Mar 21 2025 11:15AM,4327.503S,06447.605W,191,3.0
DON FICTICIO (SIMULADO),Mar 21 2025 11:30AM,4328.277S,06447.877W,194,3.2
DON FICTICIO (SIMULADO),Mar 21 2025 11:45AM,4328.266S,06447.904W,298,0.4
DON FICTICIO (SIMULADO),Mar 21 2025 12:00PM,4328.272S,06447.875W,106,0.2
DON FICTICIO (SIMULADO),Mar 21 2025 12:15PM,4327.529S,06447.516W,19,3.1
DON FICTICIO (SIMULADO),Mar 21 2025 12:30PM,4326.758S,06447.205W,16,3.0
DON FICTICIO (SIMULADO),Mar 21 2025 12:45PM,4326.004S,06446.839W,19,3.0
DON FICTICIO (SIMULADO),Mar 21 2025  1:00PM,4325.235S,06446.570W,14,3.3
DON FICTICIO (SIMULADO),Mar 21 2025  1:15PM,4324.466S,06446.401W,9,3.3
DON FICTICIO (SIMULADO),Mar 21 2025  1:30PM,4323.684S,06446.275W,6,2.9
DON FICTICIO (SIMULADO),Mar 21 2025  1:45PM,4323.143S,06445.377W,50,3.6
DON FICTICIO (SIMULADO),Mar 21 2025  2:00PM,4322.674S,06444.467W,54,3.2
DON FICTICIO (SIMULADO),Mar 21 2025  2:15PM,4322.654S,06444.492W,318,0.5
DON FICTICIO (SIMULADO),Mar 21 2025  2:30PM,4322.688S,06444.457W,142,0.2
DON FICTICIO (SIMULADO),Mar 21 2025  2:45PM,4323.177S,06445.333W,232,3.4
DON FICTICIO (SIMULADO),Mar 21 2025  3:00PM,4323.691S,06446.189W,230,3.3
DON FICTICIO (SIMULADO),Mar 21 2025  3:15PM,4324.483S,06446.296W,185,3.2
DON FICTICIO (SIMULADO),Mar 21 2025  3:30PM,4325.259S,06446.452W,188,3.1
DON FICTICIO (SIMULADO),Mar 21 2025  3:45PM,4326.039S,06446.708W,193,3.0
DON FICTICIO (SIMULADO),Mar 21 2025  4:00PM,4326.796S,06447.074W,199,3.0
DON FICTICIO (SIMULADO),Mar 21 2025  4:15PM,4327.560S,06447.378W,196,3.3
DON FICTICIO (SIMULADO),Mar 21 2025  4:30PM,4328.313S,06447.742W,199,3.2
DON FICTICIO (SIMULADO),Mar 21 2025  4:45PM,4328.308S,06447.772W,281,0.5
DON FICTICIO (SIMULADO),Mar 21 2025  5:00PM,4328.320S,06447.720W,106,0.1
DON FICTICIO (SIMULADO),Mar 21 2025  5:15PM,4329.091S,06448.022W,195,3.3
DON FICTICIO (SIMULADO),Mar 21 2025  5:30PM,4329.854S,06448.435W,201,3.4
DON FICTICIO (SIMULADO),Mar 21 2025  5:45PM,4330.574S,06448.909W,205,3.3
DON FICTICIO (SIMULADO),Mar 21 2025  6:00PM,4331.267S,06449.514W,212,3.2
DON FICTICIO (SIMULADO),Mar 21 2025  6:15PM,4331.869S,06450.279W,222,3.4
DON FICTICIO (SIMULADO),Mar 21 2025  6:30PM,4332.424S,06451.095W,226,3.0
DON FICTICIO (SIMULADO),Mar 21 2025  6:45PM,4332.957S,06451.890W,227,2.9
DON FICTICIO (SIMULADO),Mar 21 2025  7:00PM,4332.958S,06451.915W,268,0.3
DON FICTICIO (SIMULADO),Mar 21 2025  7:15PM,4332.872S,06452.045W,312,0.7
DON FICTICIO (SIMULADO),Mar 21 2025  7:30PM,4332.246S,06451.334W,39,3.2
DON FICTICIO (SIMULADO),Mar 21 2025  7:45PM,4331.647S,06450.619W,40,3.3
DON FICTICIO (SIMULADO),Mar 21 2025  8:00PM,4331.040S,06449.940W,39,3.1
DON FICTICIO (SIMULADO),Mar 21 2025  8:15PM,4330.380S,06449.362W,32,3.1
DON FICTICIO (SIMULADO),Mar 21 2025  8:30PM,4329.679S,06448.825W,29,3.4
DON FICTICIO (SIMULADO),Mar 21 2025  8:45PM,4328.996S,06448.351W,26,3.3
DON FICTICIO (SIMULADO),Mar 21 2025  9:00PM,4328.984S,06448.384W,295,0.3
DON FICTICIO (SIMULADO),Mar 21 2025  9:15PM,4327.290S,06451.398W,307,11.1
DON FICTICIO (SIMULADO),Mar 21 2025  9:30PM,4325.585S,06454.407W,307,11.3
DON FICTICIO (SIMULADO),Mar 21 2025  9:45PM,4323.887S,06457.414W,307,10.5
DON FICTICIO (SIMULADO),Mar 21 2025 10:00PM,4322.184S,06500.397W,307,10.9
DON FICTICIO (SIMULADO),Mar 21 2025 10:15PM,4320.486S,06503.398W,307,11.1
DON FICTICIO (SIMULADO),Mar 21 2025 10:30PM,4320.484S,06503.398W,0,0.0
DON FICTICIO (SIMULADO),Mar 21 2025 10:45PM,4320.482S,06503.393W,0,0.0
DON FICTICIO (SIMULADO),Mar 21 2025 11:00PM,4320.487S,06503.393W,0,0.1
DON FICTICIO (SIMULADO),Mar 21 2025 11:15PM,4320.488S,06503.399W,0,0.0
DON FICTICIO (SIMULADO),Mar 21 2025 11:30PM,4320.485S,06503.402W,0,0.0
DON FICTICIO (SIMULADO),Mar 21 2025 11:45PM,4320.486S,06503.388W,0,0.0
